{"cameraMode":{"drawMode":0,"name":"Shaded","section":"Shading Mode"},"sceneLighting":true,"audioPlay":false,"sceneViewState":{"showFog":true,"showMaterialUpdate":false,"showSkybox":true,"showFlares":true,"showImageEffects":true,"showParticleSystems":true},"in2DMode":false,"pivot":{"x":-2.8699398040771486,"y":-4.488962650299072,"z":-2.654611110687256},"rotation":{"x":-0.030551891773939134,"y":0.9593987464904785,"z":-0.114525206387043,"w":-0.2559385895729065},"size":26.61566734313965,"orthographic":false}