{"cameraMode":{"drawMode":0,"name":"Shaded","section":"Shading Mode"},"sceneLighting":true,"audioPlay":false,"sceneViewState":{"showFog":true,"showMaterialUpdate":false,"showSkybox":true,"showFlares":true,"showImageEffects":true,"showParticleSystems":true},"in2DMode":false,"pivot":{"x":-1.9896095991134644,"y":4.086823463439941,"z":0.9477711915969849},"rotation":{"x":0.09765336662530899,"y":0.002981647150591016,"z":-0.0002923243446275592,"w":0.9952160120010376},"size":21.152746200561525,"orthographic":false}