{"cameraMode":{"drawMode":0,"name":"Shaded","section":"Shading Mode"},"sceneLighting":true,"audioPlay":false,"sceneViewState":{"showFog":true,"showMaterialUpdate":false,"showSkybox":true,"showFlares":true,"showImageEffects":true,"showParticleSystems":true},"in2DMode":false,"pivot":{"x":1.7905073165893555,"y":9.775835037231446,"z":14.736400604248047},"rotation":{"x":0.002960100071504712,"y":0.16277264058589936,"z":0.000489032594487071,"w":-0.986659049987793},"size":45.225830078125,"orthographic":false}